{
  "schema_version": "1.0",
  "aiperf_version": "0.5.0",
  "benchmark_id": "ced281b9-87a0-4a65-be5a-0b230a574c6e",
  "request_throughput": {
    "unit": "requests/sec",
    "avg": 0.14411406856111547
  },
  "request_latency": {
    "unit": "ms",
    "avg": 6931.5253594,
    "p1": 6914.30395588,
    "p5": 6914.945507399999,
    "p10": 6915.7474468,
    "p25": 6918.153265,
    "p50": 6936.698463,
    "p75": 6940.463835,
    "p90": 6945.0861336,
    "p95": 6946.6268998,
    "p99": 6947.85951276,
    "min": 6914.1435679999995,
    "max": 6948.167665999999,
    "std": 13.149625825795631
  },
  "request_count": {
    "unit": "requests",
    "avg": 5.0
  },
  "time_to_first_token": {
    "unit": "ms",
    "avg": 20.9338274,
    "p1": 20.25762888,
    "p5": 20.3493124,
    "p10": 20.4639168,
    "p25": 20.80773,
    "p50": 21.126541,
    "p75": 21.232464,
    "p90": 21.253602,
    "p95": 21.260648,
    "p99": 21.2662848,
    "min": 20.234707999999998,
    "max": 21.267694,
    "std": 0.38534601251944983
  },
  "time_to_second_token": {
    "unit": "ms",
    "avg": 6.274388999999999,
    "p1": 6.073365599999999,
    "p5": 6.092143999999999,
    "p10": 6.115616999999999,
    "p25": 6.186036,
    "p50": 6.189521999999999,
    "p75": 6.262492,
    "p90": 6.5041312,
    "p95": 6.584677599999999,
    "p99": 6.649114719999999,
    "min": 6.068671,
    "max": 6.665223999999999,
    "std": 0.20504735631360865
  },
  "inter_token_latency": {
    "unit": "ms",
    "avg": 6.755221438905181,
    "p1": 6.738066381231671,
    "p5": 6.738715585532747,
    "p10": 6.739527090909091,
    "p25": 6.741961607038124,
    "p50": 6.75998631378299,
    "p75": 6.764082214076246,
    "p90": 6.768936673313783,
    "p95": 6.770554826392962,
    "p99": 6.771849348856304,
    "min": 6.737904080156403,
    "max": 6.77217297947214,
    "std": 0.013147518031956858
  },
  "output_token_throughput": {
    "unit": "tokens/sec",
    "avg": 147.57280620658224
  },
  "output_token_throughput_per_user": {
    "unit": "tokens/sec/user",
    "avg": 148.03419817550883,
    "p1": 147.67015675618381,
    "p5": 147.69841678958147,
    "p10": 147.73374183132856,
    "p25": 147.83971695656976,
    "p50": 147.92929357875943,
    "p75": 148.32478413345927,
    "p90": 148.37837632993646,
    "p95": 148.39624039542886,
    "p99": 148.41053164782278,
    "min": 147.66309174783441,
    "max": 148.41410446092127,
    "std": 0.28820717695931874
  },
  "output_sequence_length": {
    "unit": "tokens",
    "avg": 1024.0,
    "p1": 1024.0,
    "p5": 1024.0,
    "p10": 1024.0,
    "p25": 1024.0,
    "p50": 1024.0,
    "p75": 1024.0,
    "p90": 1024.0,
    "p95": 1024.0,
    "p99": 1024.0,
    "min": 1024.0,
    "max": 1024.0,
    "std": 0.0
  },
  "input_sequence_length": {
    "unit": "tokens",
    "avg": 1024.0,
    "p1": 1024.0,
    "p5": 1024.0,
    "p10": 1024.0,
    "p25": 1024.0,
    "p50": 1024.0,
    "p75": 1024.0,
    "p90": 1024.0,
    "p95": 1024.0,
    "p99": 1024.0,
    "min": 1024.0,
    "max": 1024.0,
    "std": 0.0
  },
  "output_token_count": {
    "unit": "tokens",
    "avg": 1024.0,
    "p1": 1024.0,
    "p5": 1024.0,
    "p10": 1024.0,
    "p25": 1024.0,
    "p50": 1024.0,
    "p75": 1024.0,
    "p90": 1024.0,
    "p95": 1024.0,
    "p99": 1024.0,
    "min": 1024.0,
    "max": 1024.0,
    "std": 0.0
  },
  "min_request_timestamp": {
    "unit": "ns",
    "avg": 1.7710080857619348e18
  },
  "max_response_timestamp": {
    "unit": "ns",
    "avg": 1.7710081204566738e18
  },
  "inter_chunk_latency": {
    "unit": "ms",
    "avg": 6.789734262134014,
    "p1": 6.6019242,
    "p5": 6.6713874,
    "p10": 6.697020599999999,
    "p25": 6.727945999999999,
    "p50": 6.7563249999999995,
    "p75": 6.786757,
    "p90": 6.823096,
    "p95": 6.854562399999999,
    "p99": 7.602906719999989,
    "min": 0.30389299999999997,
    "max": 20.326249,
    "std": 0.6330803030057789
  },
  "total_output_tokens": {
    "unit": "tokens",
    "avg": 5120.0
  },
  "benchmark_duration": {
    "unit": "sec",
    "avg": 34.694739035000005
  },
  "total_isl": {
    "unit": "tokens",
    "avg": 5120.0
  },
  "total_osl": {
    "unit": "tokens",
    "avg": 5120.0
  },
  "telemetry_data": {
    "summary": {
      "endpoints_configured": [],
      "endpoints_successful": [],
      "start_time": "2026-02-13T10:41:25.760552",
      "end_time": "2026-02-13T10:42:02.467846"
    },
    "endpoints": {},
    "error_summary": []
  },
  "input_config": {
    "endpoint": {
      "model_names": [
        "Qwen/Qwen3-0.6B"
      ],
      "custom_endpoint": "/v1/chat/completions",
      "type": "chat",
      "streaming": true,
      "urls": [
        "http://prenyx0234:8000"
      ]
    },
    "input": {
      "extra": [
        [
          "max_tokens",
          1024
        ],
        [
          "min_tokens",
          1024
        ],
        [
          "ignore_eos",
          true
        ],
        [
          "nvext",
          {
            "ignore_eos": true
          }
        ]
      ],
      "headers": [
        [
          "Authorization",
          "Bearer NOT_USED"
        ],
        [
          "Accept",
          "text/event-stream"
        ]
      ],
      "random_seed": 100,
      "prompt": {
        "input_tokens": {
          "mean": 1024,
          "stddev": 0.0
        },
        "output_tokens": {
          "mean": 1024,
          "stddev": 0.0
        }
      },
      "conversation": {
        "num_dataset_entries": 8
      }
    },
    "output": {
      "artifact_directory": "/home/kprashanth/dynamo/bench_results/run_20260213_103936/scenario_1_vllm_serve/aiperf"
    },
    "tokenizer": {
      "name": "Qwen/Qwen3-0.6B"
    },
    "loadgen": {
      "concurrency": 1,
      "arrival_pattern": "concurrency_burst",
      "request_count": 5,
      "warmup_request_count": 1
    },
    "cli_command": "aiperf profile --model 'Qwen/Qwen3-0.6B' --tokenizer 'Qwen/Qwen3-0.6B' --endpoint-type 'chat' --endpoint '/v1/chat/completions' --streaming --url 'http://prenyx0234:8000' --synthetic-input-tokens-mean 1024 --synthetic-input-tokens-stddev 0 --output-tokens-mean 1024 --output-tokens-stddev 0 --extra-inputs 'max_tokens:1024' --extra-inputs 'min_tokens:1024' --extra-inputs 'ignore_eos:true' --extra-inputs '{\"nvext\":{\"ignore_eos\":true}}' --concurrency 1 --request-count 5 --warmup-request-count 1 --num-dataset-entries 8 --random-seed 100 --artifact-dir '/home/kprashanth/dynamo/bench_results/run_20260213_103936/scenario_1_vllm_serve/aiperf' --ui 'simple' -H 'Authorization: Bearer NOT_USED' -H 'Accept: text/event-stream'",
    "benchmark_id": "ced281b9-87a0-4a65-be5a-0b230a574c6e"
  },
  "was_cancelled": false,
  "error_summary": [],
  "start_time": "2026-02-13T10:41:25.760552",
  "end_time": "2026-02-13T10:42:00.463300",
  "http_req_receiving": {
    "unit": "ms",
    "avg": 6910.5950308,
    "p1": 6893.04620796,
    "p5": 6893.7102918,
    "p10": 6894.5403966,
    "p25": 6897.030710999999,
    "p50": 6915.470002999999,
    "p75": 6919.66015,
    "p90": 6924.6245217999995,
    "p95": 6926.279312399999,
    "p99": 6927.6031448799995,
    "min": 6892.880187,
    "max": 6927.934103,
    "std": 13.449101288285881
  },
  "http_req_blocked": {
    "unit": "ms",
    "avg": 0.0,
    "p1": 0.0,
    "p5": 0.0,
    "p10": 0.0,
    "p25": 0.0,
    "p50": 0.0,
    "p75": 0.0,
    "p90": 0.0,
    "p95": 0.0,
    "p99": 0.0,
    "min": 0.0,
    "max": 0.0,
    "std": 0.0
  },
  "http_req_data_sent": {
    "unit": "KB",
    "avg": 4.5701171875,
    "p1": 4.288671875,
    "p5": 4.333984375,
    "p10": 4.390625,
    "p25": 4.560546875,
    "p50": 4.5908203125,
    "p75": 4.5986328125,
    "p90": 4.7333984375,
    "p95": 4.7783203125,
    "p99": 4.8142578125,
    "min": 4.27734375,
    "max": 4.8232421875,
    "std": 0.17385160480468412
  },
  "http_req_dns_lookup": {
    "unit": "ms",
    "avg": 0.0,
    "p1": 0.0,
    "p5": 0.0,
    "p10": 0.0,
    "p25": 0.0,
    "p50": 0.0,
    "p75": 0.0,
    "p90": 0.0,
    "p95": 0.0,
    "p99": 0.0,