{
  "schema_version": "1.0",
  "aiperf_version": "0.5.0",
  "benchmark_id": "3049a014-868f-4c79-8e4e-1744e721103b",
  "request_throughput": {
    "unit": "requests/sec",
    "avg": 0.14424877807626774
  },
  "request_latency": {
    "unit": "ms",
    "avg": 6924.6675776,
    "p1": 6913.912241319999,
    "p5": 6914.7314186,
    "p10": 6915.755390199999,
    "p25": 6918.827305,
    "p50": 6927.968451,
    "p75": 6930.451236999999,
    "p90": 6931.6105636,
    "p95": 6931.9970058,
    "p99": 6932.30615956,
    "min": 6913.707447,
    "max": 6932.383448,
    "std": 7.184906180306033
  },
  "request_count": {
    "unit": "requests",
    "avg": 5.0
  },
  "time_to_first_token": {
    "unit": "ms",
    "avg": 20.957465399999997,
    "p1": 20.635809879999996,
    "p5": 20.677493399999996,
    "p10": 20.7295978,
    "p25": 20.885911,
    "p50": 20.943625,
    "p75": 20.949908,
    "p90": 21.2094596,
    "p95": 21.2959768,
    "p99": 21.36519056,
    "min": 20.625389,
    "max": 21.382493999999998,
    "std": 0.24343079073165744
  },
  "time_to_second_token": {
    "unit": "ms",
    "avg": 6.3055748,
    "p1": 6.075848919999999,
    "p5": 6.081768599999999,
    "p10": 6.0891682,
    "p25": 6.1113669999999995,
    "p50": 6.279831,
    "p75": 6.3825579999999995,
    "p90": 6.5608726,
    "p95": 6.6203107999999995,
    "p99": 6.66786136,
    "min": 6.074369,
    "max": 6.679748999999999,
    "std": 0.21806800764935697
  },
  "inter_token_latency": {
    "unit": "ms",
    "avg": 6.748494733333332,
    "p1": 6.737595338729228,
    "p5": 6.738514511827956,
    "p10": 6.7396634782013685,
    "p25": 6.743110377321602,
    "p50": 6.751734922776149,
    "p75": 6.754155746823069,
    "p90": 6.755326543304007,
    "p95": 6.755716808797653,
    "p99": 6.756029021192571,
    "min": 6.737365545454545,
    "max": 6.756107074291299,
    "std": 0.007118198490054266
  },
  "output_token_throughput": {
    "unit": "tokens/sec",
    "avg": 147.71074875009816
  },
  "output_token_throughput_per_user": {
    "unit": "tokens/sec/user",
    "avg": 148.18135786658388,
    "p1": 148.01594251111024,
    "p5": 148.02278450285442,
    "p10": 148.03133699253462,
    "p25": 148.05699446157527,
    "p50": 148.11008006647634,
    "p75": 148.29951521529225,
    "p90": 148.3753866319577,
    "p95": 148.4006771041795,
    "p99": 148.42090948195695,
    "min": 148.0142320131742,
    "max": 148.42596757640132,
    "std": 0.15637960312149624
  },
  "output_sequence_length": {
    "unit": "tokens",
    "avg": 1024.0,
    "p1": 1024.0,
    "p5": 1024.0,
    "p10": 1024.0,
    "p25": 1024.0,
    "p50": 1024.0,
    "p75": 1024.0,
    "p90": 1024.0,
    "p95": 1024.0,
    "p99": 1024.0,
    "min": 1024.0,
    "max": 1024.0,
    "std": 0.0
  },
  "input_sequence_length": {
    "unit": "tokens",
    "avg": 1024.0,
    "p1": 1024.0,
    "p5": 1024.0,
    "p10": 1024.0,
    "p25": 1024.0,
    "p50": 1024.0,
    "p75": 1024.0,
    "p90": 1024.0,
    "p95": 1024.0,
    "p99": 1024.0,
    "min": 1024.0,
    "max": 1024.0,
    "std": 0.0
  },
  "output_token_count": {
    "unit": "tokens",
    "avg": 1024.0,
    "p1": 1024.0,
    "p5": 1024.0,
    "p10": 1024.0,
    "p25": 1024.0,
    "p50": 1024.0,
    "p75": 1024.0,
    "p90": 1024.0,
    "p95": 1024.0,
    "p99": 1024.0,
    "min": 1024.0,
    "max": 1024.0,
    "std": 0.0
  },
  "min_request_timestamp": {
    "unit": "ns",
    "avg": 1.7709973050741005e18
  },
  "max_response_timestamp": {
    "unit": "ns",
    "avg": 1.7709973397364393e18
  },
  "inter_chunk_latency": {
    "unit": "ms",
    "avg": 6.782973189428178,
    "p1": 6.57029892,
    "p5": 6.6524339999999995,
    "p10": 6.6787795999999995,
    "p25": 6.717639,
    "p50": 6.751983,
    "p75": 6.78777,
    "p90": 6.8274232,
    "p95": 6.859267599999999,
    "p99": 7.828235319999999,
    "min": 0.372336,
    "max": 20.409503,
    "std": 0.6349938871928122
  },
  "total_output_tokens": {
    "unit": "tokens",
    "avg": 5120.0
  },
  "benchmark_duration": {
    "unit": "sec",
    "avg": 34.662338681
  },
  "total_isl": {
    "unit": "tokens",
    "avg": 5120.0
  },
  "total_osl": {
    "unit": "tokens",
    "avg": 5120.0
  },
  "telemetry_data": {
    "summary": {
      "endpoints_configured": [],
      "endpoints_successful": [],
      "start_time": "2026-02-13T07:41:45.071749",
      "end_time": "2026-02-13T07:42:21.748938"
    },
    "endpoints": {},
    "error_summary": []
  },
  "input_config": {
    "endpoint": {
      "model_names": [
        "Qwen/Qwen3-0.6B"
      ],
      "custom_endpoint": "/v1/chat/completions",
      "type": "chat",
      "streaming": true,
      "urls": [
        "http://prenyx0026:8000"
      ]
    },
    "input": {
      "extra": [
        [
          "max_tokens",
          1024
        ],
        [
          "min_tokens",
          1024
        ],
        [
          "ignore_eos",
          true
        ],
        [
          "nvext",
          {
            "ignore_eos": true
          }
        ]
      ],
      "headers": [
        [
          "Authorization",
          "Bearer NOT_USED"
        ],
        [
          "Accept",
          "text/event-stream"
        ]
      ],
      "random_seed": 100,
      "prompt": {
        "input_tokens": {
          "mean": 1024,
          "stddev": 0.0
        },
        "output_tokens": {
          "mean": 1024,
          "stddev": 0.0
        }
      },
      "conversation": {
        "num_dataset_entries": 8
      }
    },
    "output": {
      "artifact_directory": "/home/kprashanth/dynamo/bench_results/run_20260213_073744/scenario_1_vllm_serve/aiperf"
    },
    "tokenizer": {
      "name": "Qwen/Qwen3-0.6B"
    },
    "loadgen": {
      "concurrency": 1,
      "arrival_pattern": "concurrency_burst",
      "request_count": 5,
      "warmup_request_count": 1
    },
    "cli_command": "aiperf profile --model 'Qwen/Qwen3-0.6B' --tokenizer 'Qwen/Qwen3-0.6B' --endpoint-type 'chat' --endpoint '/v1/chat/completions' --streaming --url 'http://prenyx0026:8000' --synthetic-input-tokens-mean 1024 --synthetic-input-tokens-stddev 0 --output-tokens-mean 1024 --output-tokens-stddev 0 --extra-inputs 'max_tokens:1024' --extra-inputs 'min_tokens:1024' --extra-inputs 'ignore_eos:true' --extra-inputs '{\"nvext\":{\"ignore_eos\":true}}' --concurrency 1 --request-count 5 --warmup-request-count 1 --num-dataset-entries 8 --random-seed 100 --artifact-dir '/home/kprashanth/dynamo/bench_results/run_20260213_073744/scenario_1_vllm_serve/aiperf' --ui 'simple' -H 'Authorization: Bearer NOT_USED' -H 'Accept: text/event-stream'",
    "benchmark_id": "3049a014-868f-4c79-8e4e-1744e721103b"
  },
  "was_cancelled": false,
  "error_summary": [],
  "start_time": "2026-02-13T07:41:45.071749",
  "end_time": "2026-02-13T07:42:19.743183",
  "http_req_dns_lookup": {
    "unit": "ms",
    "avg": 0.0,
    "p1": 0.0,
    "p5": 0.0,
    "p10": 0.0,
    "p25": 0.0,
    "p50": 0.0,
    "p75": 0.0,
    "p90": 0.0,
    "p95": 0.0,
    "p99": 0.0,
    "min": 0.0,
    "max": 0.0,
    "std": 0.0
  },
  "http_req_blocked": {
    "unit": "ms",
    "avg": 0.0,
    "p1": 0.0,
    "p5": 0.0,
    "p10": 0.0,
    "p25": 0.0,
    "p50": 0.0,
    "p75": 0.0,
    "p90": 0.0,
    "p95": 0.0,
    "p99": 0.0,
    "min": 0.0,
    "max": 0.0,
    "std": 0.0
  },
  "http_req_connecting": {
    "unit": "ms",
    "avg": 0.0,
    "p1": 0.0,
    "p5": 0.0,
    "p10": 0.0,
    "p25": 0.0,
    "p50": 0.0,
    "p75": 0.0,
    "p90": 0.0,
    "p95": 0.0,
    "p99": 0.0,
    "min": 0.0,
    "max": 0.0,
    "std": 0.0
  },
  "http_req_data_received": {
    "unit": "KB",
    "avg": 272.9986328125,
    "p1": 272.6615625,
    "p5": 272.71015625,
    "p10": 272.7708984375,
    "p25": 272.953125,
    "p50": 273.03515625,
    "p75": 273.091796875,
    "p90": 273.194921875,
    "p95": 273.229296875,
    "p99": 273.256796875,
    "min": 272.6494140625,
    "max": 273.263671875,
    "std": 0.20213060383291634
  },
  "http_req_connection_reused": {
    "unit": "ratio",
    "avg": 1.0,
    "p1": 1.0,